{
  "Weight_Composite (lbm)": 13.827606652419943,
  "Weight_Metal (lbm)": 183.73669176352595,
  "wingtipDisplacement (in)": 0.06691125490876472
}
